{
    "0 - fmPicturePositionLeftTop":"0 - fmPicturePositionLeftTop",
    "1 - fmPicturePositionLeftCenter":"1 - fmPicturePositionLeftCenter",
    "2 - fmPicturePositionLeftBottom":"2 - fmPicturePositionLeftBottom",
    "3 - fmPicturePositionRightTop":"3 - fmPicturePositionRightTop",
    "4 - fmPicturePositionRightCenter":"4 - fmPicturePositionRightCenter",
    "5 - fmPicturePositionRightBottom":"5 - fmPicturePositionRightBottom",
    "6 - fmPicturePositionAboveLeft":"6 - fmPicturePositionAboveLeft",
    "7 - fmPicturePositionAboveCenter":"7 - fmPicturePositionAboveCenter",
    "8 - fmPicturePositionAboveRight":"8 - fmPicturePositionAboveRight"
}